image,result
<PIL.PngImagePlugin.PngImageFile image mode=L size=754x1000 at 0x1258B4B80>,"NEW COMPETITIVE PRODUCTS

BOBBY MILLS, REGIONAL SALES MGR., INDIANAPOLIS, IN

DATE:_8/10/90 TIME:

HALL RODECAP, NOBLESVILLE, IN

Bow

 

 

 

SEE APTACEED INFORMATION SHEET

 

 

 

@.Tettord 4.3. Tatu
F.4. Schutz LH. Kersh

A.W. Spears J.R. Slater

NP. Ruffalo

T.L Achey 8.7. Jones

P.J. MeCann R. 8. Goldbrenner
A.J. Giacolo E.R Harrow

egelesze

 

 
"
<PIL.JpegImagePlugin.JpegImageFile image mode=RGB size=3000x4000 at 0x1258B4910>,"     

 

Session Note H2

  

Expl¢€re
Learning

   

. hex)

 
  
   
 

My goal for this session:

 
  

Today, | had support with:

}
/\

Pe

f A ) No-]
STARA WRI et

   

 

   

v }
' i

about deci! ‘a probabil
ard boot A's diferent

An,
CPO! vont tr prey as, | |

1ELLHO1014 Session Notes

   

WW Anse iW: C Pa Le Xb one >

    
   
    

   

 
"
